--Use DataBase

-------- Provinces --------
CREATE TABLE  Provinces (
Id smallint NOT NULL,
Name nvarchar(20) NOT NULL,
PRIMARY KEY (Id)
);

INSERT INTO Provinces (Id,Name)
VALUES (1, N'آذربایجان شرقی'),
(2, N'آذربایجان غربی'),
(3, N'اردبیل'),
(4, N'اصفهان'),
(5, N'البرز'),
(6, N'ایلام'),
(7, N'بوشهر'),
(8, N'تهران'),
(9, N'چهارمحال وبختیاری'),
(10,N'خراسان جنوبی'),
(11,N'خراسان رضوی'),
(12,N'خراسان شمالی'),
(13,N'خوزستان'),
(14,N'زنجان'),
(15,N'سمنان'),
(16,N'سیستان وبلوچستان'),
(17,N'فارس'),
(18,N'قزوین'),
(19,N'قم'),
(20,N'کردستان'),
(21,N'کرمان'),
(22,N'کرمانشاه'),
(23,N'کهگیلویه وبویراحمد'),
(24,N'گلستان'),
(25,N'گیلان'),
(26,N'لرستان'),
(27,N'مازندران'),
(28,N'مرکزی'),
(29,N'هرمزگان'),
(30,N'همدان'),
(31,N'یزد');

-------- Counties --------
CREATE TABLE Counties (
	Id smallint NOT NULL,
	Province_Id smallint NOT NULL,
	Name nvarchar(20) NOT NULL,
	PRIMARY KEY (Id),
	FOREIGN KEY (Province_Id) REFERENCES Provinces(Id)
);

INSERT INTO Counties (Id,Province_Id, Name)
VALUES (1, 1,N'آذرشهر'),
(2, 1,N'اسکو'),
(3, 1,N'اهر'),
(4, 1,N'بستان آباد'),
(5, 1,N'بناب'),
(6, 1,N'تبریز'),
(7, 1,N'جلفا'),
(8, 1,N'چاراویماق'),
(9, 1,N'خداآفرین'),
(10, 1,N'سراب'),
(11, 1,N'شبستر'),
(12, 1,N'عجب شیر'),
(13, 1,N'کلیبر'),
(14, 1,N'مراغه'),
(15, 1,N'مرند'),
(16, 1,N'ملکان'),
(17, 1,N'میانه'),
(18, 1,N'ورزقان'),
(19, 1,N'هریس'),
(20, 1,N'هشترود'),
(21, 2,N'ارومیه'),
(22, 2,N'اشنویه'),
(23, 2,N'بوکان'),
(24, 2,N'پلدشت'),
(25, 2,N'پیرانشهر'),
(26, 2,N'تکاب'),
(27, 2,N'چالدران'),
(28, 2,N'چایپاره'),
(29, 2,N'خوی'),
(30, 2,N'سردشت'),
(31, 2,N'سلماس'),
(32, 2,N'شاهین دژ'),
(33, 2,N'شوط'),
(34, 2,N'ماکو'),
(35, 2,N'مهاباد'),
(36, 2,N'میاندوآب'),
(37, 2,N'نقده'),
(38, 3,N'اردبیل'),
(39, 3,N'بیله سوار'),
(40, 3,N'پارس آباد'),
(41, 3,N'خلخال'),
(42, 3,N'سرعین'),
(43, 3,N'کوثر'),
(44, 3,N'گرمی'),
(45, 3,N'مشگین شهر'),
(46, 3,N'نمین'),
(47, 3,N'نیر'),
(48, 4,N'آران وبیدگل'),
(49, 4,N'اردستان'),
(50, 4,N'اصفهان'),
(51, 4,N'برخوار'),
(52, 4,N'بو یین و میاندشت'),
(53, 4,N'تیران وکرون'),
(54, 4,N'چادگان'),
(55, 4,N'خمینی شهر'),
(56, 4,N'خوانسار'),
(57, 4,N'خور و بیابانک'),
(58, 4,N'دهاقان'),
(59, 4,N'سمیرم'),
(60, 4,N'شاهین شهرومیمه'),
(61, 4,N'شهرضا'),
(62, 4,N'فریدن'),
(63, 4,N'فریدونشهر'),
(64, 4,N'فلاورجان'),
(65, 4,N'کاشان'),
(66, 4,N'گلپایگان'),
(67, 4,N'لنجان'),
(68, 4,N'مبارکه'),
(69, 4,N'نایین'),
(70, 4,N'نجف آباد'),
(71, 4,N'نطنز'),
(72, 5,N'اشتهارد'),
(73, 5,N'ساوجبلاغ'),
(74, 5,N'طالقان'),
(75, 5,N'فردیس'),
(76, 5,N'کرج'),
(77, 5,N'نظرآباد'),
(78, 6,N'آبدانان'),
(79, 6,N'ایلام'),
(80, 6,N'ایوان'),
(81, 6,N'بدره'),
(82, 6,N'چرداول'),
(83, 6,N'دره شهر'),
(84, 6,N'دهلران'),
(85, 6,N'سیروان'),
(86, 6,N'ملکشاهی'),
(87, 6,N'مهران'),
(88, 7,N'بوشهر'),
(89, 7,N'تنگستان'),
(90, 7,N'جم'),
(91, 7,N'دشتستان'),
(92, 7,N'دشتی'),
(93, 7,N'دیر'),
(94, 7,N'دیلم'),
(95, 7,N'عسلویه'),
(96, 7,N'کنگان'),
(97, 7,N'گناوه'),
(98, 8,N'اسلامشهر'),
(99, 8,N'بهارستان'),
(100, 8,N'پاکدشت'),
(101, 8,N'پردیس'),
(102, 8,N'پیشوا'),
(103, 8,N'تهران'),
(104, 8,N'دماوند'),
(105, 8,N'رباطکریم'),
(106, 8,N'ری'),
(107, 8,N'شمیرانات'),
(108, 8,N'شهریار'),
(109, 8,N'فیروزکوه'),
(110, 8,N'قدس'),
(111, 8,N'قرچک'),
(112, 8,N'ملارد'),
(113, 8,N'ورامین'),
(114, 9,N'اردل'),
(115, 9,N'بروجن'),
(116, 9,N'بن'),
(117, 9,N'سامان'),
(118, 9,N'شهرکرد'),
(119, 9,N'فارسان'),
(120, 9,N'کوهرنگ'),
(121, 9,N'کیار'),
(122, 9,N'لردگان'),
(123, 10,N'بشرویه'),
(124, 10,N'بیرجند'),
(125, 10,N'خوسف'),
(126, 10,N'درمیان'),
(127, 10,N'زیرکوه'),
(128, 10,N'سرایان'),
(129, 10,N'سربیشه'),
(130, 10,N'طبس'),
(131, 10,N'فردوس'),
(132, 10,N'قاینات'),
(133, 10,N'نهبندان'),
(134, 11,N'باخرز'),
(135, 11,N'بجستان'),
(136, 11,N'بردسکن'),
(137, 11,N'بینالود'),
(138, 11,N'تایباد'),
(139, 11,N'تربت جام'),
(140, 11,N'تربت حیدریه'),
(141, 11,N'جغتای'),
(142, 11,N'جوین'),
(143, 11,N'چناران'),
(144, 11,N'خلیل آباد'),
(145, 11,N'خواف'),
(146, 11,N'خوشاب'),
(147, 11,N'داورزن'),
(148, 11,N'درگز'),
(149, 11,N'رشتخوار'),
(150, 11,N'زاوه'),
(151, 11,N'سبزوار'),
(152, 11,N'سرخس'),
(153, 11,N'فریمان'),
(154, 11,N'فیروزه'),
(155, 11,N'قوچان'),
(156, 11,N'کاشمر'),
(157, 11,N'کلات'),
(158, 11,N'گناباد'),
(159, 11,N'مشهد'),
(160, 11,N'مه ولات'),
(161, 11,N'نیشابور'),
(162, 12,N'اسفراین'),
(163, 12,N'بجنورد'),
(164, 12,N'جاجرم'),
(165, 12,N'راز و جرگلان'),
(166, 12,N'شیروان'),
(167, 12,N'فاروج'),
(168, 12,N'گرمه'),
(169, 12,N'مانه وسملقان'),
(170, 13,N'آبادان'),
(171, 13,N'آغاجاری'),
(172, 13,N'امیدیه'),
(173, 13,N'اندیکا'),
(174, 13,N'اندیمشک'),
(175, 13,N'اهواز'),
(176, 13,N'ایذه'),
(177, 13,N'باغ ملک'),
(178, 13,N'باوی'),
(179, 13,N'بندرماهشهر'),
(180, 13,N'بهبهان'),
(181, 13,N'حمیدیه'),
(182, 13,N'خرمشهر'),
(183, 13,N'دزفول'),
(184, 13,N'دشت آزادگان'),
(185, 13,N'رامشیر'),
(186, 13,N'رامهرمز'),
(187, 13,N'شادگان'),
(188, 13,N'شوش'),
(189, 13,N'شوشتر'),
(190, 13,N'کارون'),
(191, 13,N'گتوند'),
(192, 13,N'لالی'),
(193, 13,N'مسجدسلیمان'),
(194, 13,N'هفتگل'),
(195, 13,N'هندیجان'),
(196, 13,N'هویزه'),
(197, 14,N'ابهر'),
(198, 14,N'ایجرود'),
(199, 14,N'خدابنده'),
(200, 14,N'خرمدره'),
(201, 14,N'زنجان'),
(202, 14,N'سلطانیه'),
(203, 14,N'طارم'),
(204, 14,N'ماهنشان'),
(205, 15,N'آرادان'),
(206, 15,N'دامغان'),
(207, 15,N'سرخه'),
(208, 15,N'سمنان'),
(209, 15,N'شاهرود'),
(210, 15,N'گرمسار'),
(211, 15,N'مهدی شهر'),
(212, 15,N'میامی'),
(213, 16,N'ایرانشهر'),
(214, 16,N'چابهار'),
(215, 16,N'خاش'),
(216, 16,N'دلگان'),
(217, 16,N'زابل'),
(218, 16,N'زاهدان'),
(219, 16,N'زهک'),
(220, 16,N'سراوان'),
(221, 16,N'سرباز'),
(222, 16,N'سیب و سوران'),
(223, 16,N'فنوج'),
(224, 16,N'قصرقند'),
(225, 16,N'کنارک'),
(226, 16,N'مهرستان'),
(227, 16,N'میرجاوه'),
(228, 16,N'نیک شهر'),
(229, 16,N'نیمروز'),
(230, 16,N'هامون'),
(231, 16,N'هیرمند'),
(232, 17,N'آباده'),
(233, 17,N'ارسنجان'),
(234, 17,N'استهبان'),
(235, 17,N'اقلید'),
(236, 17,N'بوانات'),
(237, 17,N'پاسارگاد'),
(238, 17,N'جهرم'),
(239, 17,N'خرامه'),
(240, 17,N'خرم بید'),
(241, 17,N'خنج'),
(242, 17,N'داراب'),
(243, 17,N'رستم'),
(244, 17,N'زرین دشت'),
(245, 17,N'سپیدان'),
(246, 17,N'سروستان'),
(247, 17,N'شیراز'),
(248, 17,N'فراشبند'),
(249, 17,N'فسا'),
(250, 17,N'فیروزآباد'),
(251, 17,N'قیروکارزین'),
(252, 17,N'کازرون'),
(253, 17,N'کوار'),
(254, 17,N'گراش'),
(255, 17,N'لارستان'),
(256, 17,N'لامرد'),
(257, 17,N'مرودشت'),
(258, 17,N'ممسنی'),
(259, 17,N'مهر'),
(260, 17,N'نی ریز'),
(261, 18,N'آبیک'),
(262, 18,N'آوج'),
(263, 18,N'البرز'),
(264, 18,N'بویین زهرا'),
(265, 18,N'تاکستان'),
(266, 18,N'قزوین'),
(267, 19,N'قم'),
(268, 20,N'بانه'),
(269, 20,N'بیجار'),
(270, 20,N'دهگلان'),
(271, 20,N'دیواندره'),
(272, 20,N'سروآباد'),
(273, 20,N'سقز'),
(274, 20,N'سنندج'),
(275, 20,N'قروه'),
(276, 20,N'کامیاران'),
(277, 20,N'مریوان'),
(278, 21,N'ارزوییه'),
(279, 21,N'انار'),
(280, 21,N'بافت'),
(281, 21,N'بردسیر'),
(282, 21,N'بم'),
(283, 21,N'جیرفت'),
(284, 21,N'رابر'),
(285, 21,N'راور'),
(286, 21,N'رفسنجان'),
(287, 21,N'رودبارجنوب'),
(288, 21,N'ریگان'),
(289, 21,N'زرند'),
(290, 21,N'سیرجان'),
(291, 21,N'شهربابک'),
(292, 21,N'عنبرآباد'),
(293, 21,N'فاریاب'),
(294, 21,N'فهرج'),
(295, 21,N'قلعه گنج'),
(296, 21,N'کرمان'),
(297, 21,N'کوهبنان'),
(298, 21,N'کهنوج'),
(299, 21,N'منوجان'),
(300, 21,N'نرماشیر'),
(301, 22,N'اسلام آبادغرب'),
(302, 22,N'پاوه'),
(303, 22,N'ثلاث باباجانی'),
(304, 22,N'جوانرود'),
(305, 22,N'دالاهو'),
(306, 22,N'روانسر'),
(307, 22,N'سرپل ذهاب'),
(308, 22,N'سنقر'),
(309, 22,N'صحنه'),
(310, 22,N'قصرشیرین'),
(311, 22,N'کرمانشاه'),
(312, 22,N'کنگاور'),
(313, 22,N'گیلانغرب'),
(314, 22,N'هرسین'),
(315, 23,N'باشت'),
(316, 23,N'بویراحمد'),
(317, 23,N'بهمیی'),
(318, 23,N'چرام'),
(319, 23,N'دنا'),
(320, 23,N'کهگیلویه'),
(321, 23,N'گچساران'),
(322, 23,N'لنده'),
(323, 24,N'آزادشهر'),
(324, 24,N'آق قلا'),
(325, 24,N'بندرگز'),
(326, 24,N'ترکمن'),
(327, 24,N'رامیان'),
(328, 24,N'علی آباد'),
(329, 24,N'کردکوی'),
(330, 24,N'کلاله'),
(331, 24,N'گالیکش'),
(332, 24,N'گرگان'),
(333, 24,N'گمیشان'),
(334, 24,N'گنبدکاووس'),
(335, 24,N'مراوه تپه'),
(336, 24,N'مینودشت'),
(337, 25,N'آستارا'),
(338, 25,N'آستانه اشرفیه'),
(339, 25,N'املش'),
(340, 25,N'بندرانزلی'),
(341, 25,N'رشت'),
(342, 25,N'رضوانشهر'),
(343, 25,N'رودبار'),
(344, 25,N'رودسر'),
(345, 25,N'سیاهکل'),
(346, 25,N'شفت'),
(347, 25,N'صومعه سرا'),
(348, 25,N'طوالش'),
(349, 25,N'فومن'),
(350, 25,N'لاهیجان'),
(351, 25,N'لنگرود'),
(352, 25,N'ماسال'),
(353, 26,N'ازنا'),
(354, 26,N'الیگودرز'),
(355, 26,N'بروجرد'),
(356, 26,N'پلدختر'),
(357, 26,N'خرم آباد'),
(358, 26,N'دلفان'),
(359, 26,N'دورود'),
(360, 26,N'دوره'),
(361, 26,N'رومشکان'),
(362, 26,N'سلسله'),
(363, 26,N'کوهدشت'),
(364, 27,N'آمل'),
(365, 27,N'بابل'),
(366, 27,N'بابلسر'),
(367, 27,N'بهشهر'),
(368, 27,N'تنکابن'),
(369, 27,N'جویبار'),
(370, 27,N'چالوس'),
(371, 27,N'رامسر'),
(372, 27,N'ساری'),
(373, 27,N'سوادکوه'),
(374, 27,N'سوادکوه شمالی'),
(375, 27,N'سیمرغ'),
(376, 27,N'عباس آباد'),
(377, 27,N'فریدونکنار'),
(378, 27,N'قایم شهر'),
(379, 27,N'کلاردشت'),
(380, 27,N'گلوگاه'),
(381, 27,N'محمودآباد'),
(382, 27,N'میاندورود'),
(383, 27,N'نکا'),
(384, 27,N'نور'),
(385, 27,N'نوشهر'),
(386, 28,N'آشتیان'),
(387, 28,N'اراک'),
(388, 28,N'تفرش'),
(389, 28,N'خمین'),
(390, 28,N'خنداب'),
(391, 28,N'دلیجان'),
(392, 28,N'زرندیه'),
(393, 28,N'ساوه'),
(394, 28,N'شازند'),
(395, 28,N'فراهان'),
(396, 28,N'کمیجان'),
(397, 28,N'محلات'),
(398, 29,N'ابوموسی'),
(399, 29,N'بستک'),
(400, 29,N'بشاگرد'),
(401, 29,N'بندرعباس'),
(402, 29,N'بندرلنگه'),
(403, 29,N'پارسیان'),
(404, 29,N'جاسک'),
(405, 29,N'حاجی اباد'),
(406, 29,N'خمیر'),
(407, 29,N'رودان'),
(408, 29,N'سیریک'),
(409, 29,N'قشم'),
(410, 29,N'میناب'),
(411, 30,N'اسدآباد'),
(412, 30,N'بهار'),
(413, 30,N'تویسرکان'),
(414, 30,N'رزن'),
(415, 30,N'فامنین'),
(416, 30,N'کبودرآهنگ'),
(417, 30,N'ملایر'),
(418, 30,N'نهاوند'),
(419, 30,N'همدان'),
(420, 31,N'ابرکوه'),
(421, 31,N'اردکان'),
(422, 31,N'اشکذر'),
(423, 31,N'بافق'),
(424, 31,N'بهاباد'),
(425, 31,N'تفت'),
(426, 31,N'خاتم'),
(427, 31,N'مهریز'),
(428, 31,N'میبد'),
(429, 31,N'یزد');

-------- city --------
CREATE TABLE  Cities (
	Id int  NOT NULL,
	Province_Id smallint  NOT NULL,
	County_Id smallint  NOT NULL,
	Name nvarchar(20) NOT NULL,
	PRIMARY KEY ("Id"),
	FOREIGN KEY (Province_Id) REFERENCES Provinces(Id),
	FOREIGN KEY (County_Id) REFERENCES Counties(Id)
);
INSERT INTO Cities (Id, Province_Id, County_Id, Name)
VALUES
(1, 1, 1,N'آذرشهر'),
(2, 1, 1,N'تیمورلو'),
(3, 1, 1,N'گوگان'),
(4, 1, 1,N'ممقان'),
(5, 1, 2,N'اسکو'),
(6, 1, 2,N'ایلخچی'),
(7, 1, 2,N'سهند'),
(8, 1, 3,N'اهر'),
(9, 1, 3,N'هوراند'),
(10, 1, 4,N'بستان آباد'),
(11, 1, 4,N'تیکمه داش'),
(12, 1, 5,N'بناب'),
(13, 1, 6,N'باسمنج'),
(14, 1, 6,N'تبریز'),
(15, 1, 6,N'خسروشاه'),
(16, 1, 6,N'سردرود'),
(17, 1, 7,N'جلفا'),
(18, 1, 7,N'سیه رود'),
(19, 1, 7,N'هادیشهر'),
(20, 1, 8,N'قره آغاج'),
(21, 1, 9,N'خمارلو'),
(22, 1, 10,N'دوزدوزان'),
(23, 1, 10,N'سراب'),
(24, 1, 10,N'شربیان'),
(25, 1, 10,N'مهربان'),
(26, 1, 11,N'تسوج'),
(27, 1, 11,N'خامنه'),
(28, 1, 11,N'سیس'),
(29, 1, 11,N'شبستر'),
(30, 1, 11,N'شرفخانه'),
(31, 1, 11,N'شندآباد'),
(32, 1, 11,N'صوفیان'),
(33, 1, 11,N'کوزه کنان'),
(34, 1, 11,N'وایقان'),
(35, 1, 12,N'جوان قلعه'),
(36, 1, 12,N'عجب شیر'),
(37, 1, 13,N'آبش احمد'),
(38, 1, 13,N'کلیبر'),
(39, 1, 14,N'خداجو(خراجو)'),
(40, 1, 14,N'مراغه'),
(41, 1, 15,N'بناب مرند'),
(42, 1, 15,N'زنوز'),
(43, 1, 15,N'کشکسرای'),
(44, 1, 15,N'مرند'),
(45, 1, 15,N'یامچی'),
(46, 1, 16,N'لیلان'),
(47, 1, 16,N'مبارک شهر'),
(48, 1, 16,N'ملکان'),
(49, 1, 17,N'آقکند'),
(50, 1, 17,N'اچاچی'),
(51, 1, 17,N'ترک'),
(52, 1, 17,N'ترکمانچای'),
(53, 1, 17,N'میانه'),
(54, 1, 18,N'خاروانا'),
(55, 1, 18,N'ورزقان'),
(56, 1, 19,N'بخشایش'),
(57, 1, 19,N'خواجه'),
(58, 1, 19,N'زرنق'),
(59, 1, 19,N'کلوانق'),
(60, 1, 19,N'هریس'),
(61, 1, 20,N'نظرکهریزی'),
(62, 1, 20,N'هشترود'),
(63, 2, 21,N'ارومیه'),
(64, 2, 21,N'سرو'),
(65, 2, 21,N'سیلوانه'),
(66, 2, 21,N'قوشچی'),
(67, 2, 21,N'نوشین'),
(68, 2, 22,N'اشنویه'),
(69, 2, 22,N'نالوس'),
(70, 2, 23,N'بوکان'),
(71, 2, 23,N'سیمینه'),
(72, 2, 24,N'پلدشت'),
(73, 2, 24,N'نازک علیا'),
(74, 2, 25,N'پیرانشهر'),
(75, 2, 25,N'گردکشانه'),
(76, 2, 26,N'تکاب'),
(77, 2, 27,N'آواجیق'),
(78, 2, 27,N'سیه چشمه'),
(79, 2, 28,N'قره ضیاءالدین'),
(80, 2, 29,N'ایواوغلی'),
(81, 2, 29,N'خوی'),
(82, 2, 29,N'دیزج دیز'),
(83, 2, 29,N'زرآباد'),
(84, 2, 29,N'فیرورق'),
(85, 2, 29,N'قطور'),
(86, 2, 30,N'ربط'),
(87, 2, 30,N'سردشت'),
(88, 2, 30,N'میرآباد'),
(89, 2, 31,N'تازه شهر'),
(90, 2, 31,N'سلماس'),
(91, 2, 32,N'شاهین دژ'),
(92, 2, 32,N'کشاورز'),
(93, 2, 32,N'محمودآباد'),
(94, 2, 33,N'شوط'),
(95, 2, 33,N'مرگنلر'),
(96, 2, 34,N'بازرگان'),
(97, 2, 34,N'ماکو'),
(98, 2, 35,N'خلیفان'),
(99, 2, 35,N'مهاباد'),
(100, 2, 36,N'باروق'),
(101, 2, 36,N'چهاربرج'),
(102, 2, 36,N'میاندوآب'),
(103, 2, 37,N'محمدیار'),
(104, 2, 37,N'نقده'),
(105, 3, 38,N'اردبیل'),
(106, 3, 38,N'هیر'),
(107, 3, 39,N'بیله سوار'),
(108, 3, 39,N'جعفرآباد'),
(109, 3, 40,N'اسلام اباد'),
(110, 3, 40,N'اصلاندوز'),
(111, 3, 40,N'پارس آباد'),
(112, 3, 40,N'تازه کند'),
(113, 3, 41,N'خلخال'),
(114, 3, 41,N'کلور'),
(115, 3, 41,N'هشتجین'),
(116, 3, 42,N'سرعین'),
(117, 3, 43,N'گیوی'),
(118, 3, 44,N'تازه کندانگوت'),
(119, 3, 44,N'گرمی'),
(120, 3, 45,N'رضی'),
(121, 3, 45,N'فخراباد'),
(122, 3, 45,N'قصابه'),
(123, 3, 45,N'لاهرود'),
(124, 3, 45,N'مرادلو'),
(125, 3, 45,N'مشگین شهر'),
(126, 3, 46,N'آبی بیگلو'),
(127, 3, 46,N'عنبران'),
(128, 3, 46,N'نمین'),
(129, 3, 47,N'کوراییم'),
(130, 3, 47,N'نیر'),
(131, 4, 48,N'آران وبیدگل'),
(132, 4, 48,N'ابوزیدآباد'),
(133, 4, 48,N'سفیدشهر'),
(134, 4, 48,N'نوش آباد'),
(135, 4, 49,N'اردستان'),
(136, 4, 49,N'زواره'),
(137, 4, 49,N'مهاباد'),
(138, 4, 50,N'اژیه'),
(139, 4, 50,N'اصفهان'),
(140, 4, 50,N'بهارستان'),
(141, 4, 50,N'تودشک'),
(142, 4, 50,N'حسن اباد'),
(143, 4, 50,N'زیار'),
(144, 4, 50,N'سجزی'),
(145, 4, 50,N'قهجاورستان'),
(146, 4, 50,N'کوهپایه'),
(147, 4, 50,N'محمدآباد'),
(148, 4, 50,N'نصرآباد'),
(149, 4, 50,N'نیک آباد'),
(150, 4, 50,N'ورزنه'),
(151, 4, 50,N'هرند'),
(152, 4, 51,N'حبیب آباد'),
(153, 4, 51,N'خورزوق'),
(154, 4, 51,N'دستگرد'),
(155, 4, 51,N'دولت آباد'),
(156, 4, 51,N'سین'),
(157, 4, 51,N'شاپورآباد'),
(158, 4, 51,N'کمشچه'),
(159, 4, 52,N'افوس'),
(160, 4, 52,N'بویین ومیاندشت'),
(161, 4, 53,N'تیران'),
(162, 4, 53,N'رضوانشهر'),
(163, 4, 53,N'عسگران'),
(164, 4, 54,N'چادگان'),
(165, 4, 54,N'رزوه'),
(166, 4, 55,N'اصغرآباد'),
(167, 4, 55,N'خمینی شهر'),
(168, 4, 55,N'درچه'),
(169, 4, 55,N'کوشک'),
(170, 4, 56,N'خوانسار'),
(171, 4, 57,N'جندق'),
(172, 4, 57,N'خور'),
(173, 4, 57,N'فرخی'),
(174, 4, 58,N'دهاقان'),
(175, 4, 58,N'گلشن'),
(176, 4, 59,N'حنا'),
(177, 4, 59,N'سمیرم'),
(178, 4, 59,N'کمه'),
(179, 4, 59,N'ونک'),
(180, 4, 60,N'شاهین شهر'),
(181, 4, 60,N'گرگاب'),
(182, 4, 60,N'گزبرخوار'),
(183, 4, 60,N'لای بید'),
(184, 4, 60,N'میمه'),
(185, 4, 60,N'وزوان'),
(186, 4, 61,N'شهرضا'),
(187, 4, 61,N'منظریه'),
(188, 4, 62,N'داران'),
(189, 4, 62,N'دامنه'),
(190, 4, 63,N'برف انبار'),
(191, 4, 63,N'فریدونشهر'),
(192, 4, 64,N'ابریشم'),
(193, 4, 64,N'ایمانشهر'),
(194, 4, 64,N'بهاران شهر'),
(195, 4, 64,N'پیربکران'),
(196, 4, 64,N'زازران'),
(197, 4, 64,N'فلاورجان'),
(198, 4, 64,N'قهدریجان'),
(199, 4, 64,N'کلیشادوسودرجان'),
(200, 4, 65,N'برزک'),
(201, 4, 65,N'جوشقان قالی'),
(202, 4, 65,N'قمصر'),
(203, 4, 65,N'کاشان'),
(204, 4, 65,N'کامو و چوگان'),
(205, 4, 65,N'مشکات'),
(206, 4, 65,N'نیاسر'),
(207, 4, 66,N'گلپایگان'),
(208, 4, 66,N'گلشهر'),
(209, 4, 66,N'گوگد'),
(210, 4, 67,N'باغ بهادران'),
(211, 4, 67,N'باغشاد'),
(212, 4, 67,N'چرمهین'),
(213, 4, 67,N'چمگردان'),
(214, 4, 67,N'زاینده رود'),
(215, 4, 67,N'زرین شهر'),
(216, 4, 67,N'سده لنجان'),
(217, 4, 67,N'فولادشهر'),
(218, 4, 67,N'ورنامخواست'),
(219, 4, 68,N'دیزیچه'),
(220, 4, 68,N'زیباشهر'),
(221, 4, 68,N'طالخونچه'),
(222, 4, 68,N'کرکوند'),
(223, 4, 68,N'مبارکه'),
(224, 4, 68,N'مجلسی'),
(225, 4, 69,N'انارک'),
(226, 4, 69,N'بافران'),
(227, 4, 69,N'نایین'),
(228, 4, 70,N'جوزدان'),
(229, 4, 70,N'دهق'),
(230, 4, 70,N'علویجه'),
(231, 4, 70,N'کهریزسنگ'),
(232, 4, 70,N'گلدشت'),
(233, 4, 70,N'نجف آباد'),
(234, 4, 71,N'بادرود'),
(235, 4, 71,N'خالدآباد'),
(236, 4, 71,N'طرق رود'),
(237, 4, 71,N'نطنز'),
(238, 5, 72,N'اشتهارد'),
(239, 5, 73,N'چهارباغ'),
(240, 5, 73,N'شهرجدیدهشتگرد'),
(241, 5, 73,N'کوهسار'),
(242, 5, 73,N'گلسار'),
(243, 5, 73,N'هشتگرد'),
(244, 5, 74,N'طالقان'),
(245, 5, 75,N'فردیس'),
(246, 5, 75,N'مشکین دشت'),
(247, 5, 76,N'آسارا'),
(248, 5, 76,N'کرج'),
(249, 5, 76,N'کمال شهر'),
(250, 5, 76,N'گرمدره'),
(251, 5, 76,N'ماهدشت'),
(252, 5, 76,N'محمدشهر'),
(253, 5, 77,N'تنکمان'),
(254, 5, 77,N'نظرآباد'),
(255, 6, 78,N'آبدانان'),
(256, 6, 78,N'سراب باغ'),
(257, 6, 78,N'مورموری'),
(258, 6, 79,N'ایلام'),
(259, 6, 79,N'چوار'),
(260, 6, 80,N'ایوان'),
(261, 6, 80,N'زرنه'),
(262, 6, 81,N'بدره'),
(263, 6, 82,N'آسمان آباد'),
(264, 6, 82,N'بلاوه'),
(265, 6, 82,N'توحید'),
(266, 6, 82,N'سرابله'),
(267, 6, 82,N'شباب'),
(268, 6, 83,N'دره شهر'),
(269, 6, 83,N'ماژین'),
(270, 6, 84,N'پهله'),
(271, 6, 84,N'دهلران'),
(272, 6, 84,N'موسیان'),
(273, 6, 84,N'میمه'),
(274, 6, 85,N'لومار'),
(275, 6, 86,N'ارکواز'),
(276, 6, 86,N'دلگشا'),
(277, 6, 86,N'مهر'),
(278, 6, 87,N'صالح آباد'),
(279, 6, 87,N'مهران'),
(280, 7, 88,N'بوشهر'),
(281, 7, 88,N'چغادک'),
(282, 7, 88,N'خارک'),
(283, 7, 88,N'عالی شهر'),
(284, 7, 89,N'آباد'),
(285, 7, 89,N'اهرم'),
(286, 7, 89,N'دلوار'),
(287, 7, 90,N'انارستان'),
(288, 7, 90,N'جم'),
(289, 7, 90,N'ریز'),
(290, 7, 91,N'آب پخش'),
(291, 7, 91,N'برازجان'),
(292, 7, 91,N'بوشکان'),
(293, 7, 91,N'تنگ ارم'),
(294, 7, 91,N'دالکی'),
(295, 7, 91,N'سعد آباد'),
(296, 7, 91,N'شبانکاره'),
(297, 7, 91,N'کلمه'),
(298, 7, 91,N'وحدتیه'),
(299, 7, 92,N'بادوله'),
(300, 7, 92,N'خورموج'),
(301, 7, 92,N'شنبه'),
(302, 7, 92,N'کاکی'),
(303, 7, 93,N'آبدان'),
(304, 7, 93,N'بردخون'),
(305, 7, 93,N'بردستان'),
(306, 7, 93,N'بندردیر'),
(307, 7, 93,N'دوراهک'),
(308, 7, 94,N'امام حسن'),
(309, 7, 94,N'بندردیلم'),
(310, 7, 95,N'عسلویه'),
(311, 7, 95,N'نخل تقی'),
(312, 7, 96,N'بندرکنگان'),
(313, 7, 96,N'بنک'),
(314, 7, 96,N'سیراف'),
(315, 7, 97,N'بندرریگ'),
(316, 7, 97,N'بندرگناوه'),
(317, 8, 98,N'احمد آباد مستوفی'),
(318, 8, 98,N'اسلامشهر'),
(319, 8, 98,N'چهاردانگه'),
(320, 8, 99,N'صالحیه'),
(321, 8, 99,N'گلستان'),
(322, 8, 99,N'نسیم شهر'),
(323, 8, 100,N'پاکدشت'),
(324, 8, 100,N'شریف آباد'),
(325, 8, 100,N'فرون اباد'),
(326, 8, 101,N'بومهن'),
(327, 8, 101,N'پردیس'),
(328, 8, 102,N'پیشوا'),
(329, 8, 103,N'تهران'),
(330, 8, 104,N'آبسرد'),
(331, 8, 104,N'آبعلی'),
(332, 8, 104,N'دماوند'),
(333, 8, 104,N'رودهن'),
(334, 8, 104,N'کیلان'),
(335, 8, 105,N'پرند'),
(336, 8, 105,N'رباطکریم'),
(337, 8, 105,N'نصیرشهر'),
(338, 8, 106,N'باقرشهر'),
(339, 8, 106,N'حسن آباد'),
(340, 8, 106,N'ری'),
(341, 8, 106,N'کهریزک'),
(342, 8, 107,N'تجریش'),
(343, 8, 107,N'شمشک'),
(344, 8, 107,N'فشم'),
(345, 8, 107,N'لواسان'),
(346, 8, 108,N'اندیشه'),
(347, 8, 108,N'باغستان'),
(348, 8, 108,N'شاهدشهر'),
(349, 8, 108,N'شهریار'),
(350, 8, 108,N'صباشهر'),
(351, 8, 108,N'فردوسیه'),
(352, 8, 108,N'وحیدیه'),
(353, 8, 109,N'ارجمند'),
(354, 8, 109,N'فیروزکوه'),
(355, 8, 110,N'قدس'),
(356, 8, 111,N'قرچک'),
(357, 8, 112,N'صفادشت'),
(358, 8, 112,N'ملارد'),
(359, 8, 113,N'جوادآباد'),
(360, 8, 113,N'ورامین'),
(361, 9, 114,N'اردل'),
(362, 9, 114,N'دشتک'),
(363, 9, 114,N'سرخون'),
(364, 9, 114,N'کاج'),
(365, 9, 115,N'بروجن'),
(366, 9, 115,N'بلداجی'),
(367, 9, 115,N'سفیددشت'),
(368, 9, 115,N'فرادبنه'),
(369, 9, 115,N'گندمان'),
(370, 9, 115,N'نقنه'),
(371, 9, 116,N'بن'),
(372, 9, 116,N'وردنجان'),
(373, 9, 117,N'سامان'),
(374, 9, 118,N'سودجان'),
(375, 9, 118,N'سورشجان'),
(376, 9, 118,N'شهرکرد'),
(377, 9, 118,N'طاقانک'),
(378, 9, 118,N'فرخ شهر'),
(379, 9, 118,N'کیان'),
(380, 9, 118,N'نافچ'),
(381, 9, 118,N'هارونی'),
(382, 9, 118,N'هفشجان'),
(383, 9, 119,N'باباحیدر'),
(384, 9, 119,N'پردنجان'),
(385, 9, 119,N'جونقان'),
(386, 9, 119,N'چلیچه'),
(387, 9, 119,N'فارسان'),
(388, 9, 119,N'گوجان'),
(389, 9, 120,N'بازفت'),
(390, 9, 120,N'چلگرد'),
(391, 9, 120,N'صمصامی'),
(392, 9, 121,N'دستنا'),
(393, 9, 121,N'شلمزار'),
(394, 9, 121,N'گهرو'),
(395, 9, 121,N'ناغان'),
(396, 9, 122,N'آلونی'),
(397, 9, 122,N'سردشت'),
(398, 9, 122,N'لردگان'),
(399, 9, 122,N'مال خلیفه'),
(400, 9, 122,N'منج'),
(401, 10, 123,N'ارسک'),
(402, 10, 123,N'بشرویه'),
(403, 10, 124,N'بیرجند'),
(404, 10, 125,N'خوسف'),
(405, 10, 125,N'محمدشهر'),
(406, 10, 126,N'اسدیه'),
(407, 10, 126,N'طبس مسینا'),
(408, 10, 126,N'قهستان'),
(409, 10, 126,N'گزیک'),
(410, 10, 127,N'حاجی آباد'),
(411, 10, 127,N'زهان'),
(412, 10, 128,N'آیسک'),
(413, 10, 128,N'سرایان'),
(414, 10, 128,N'سه قلعه'),
(415, 10, 129,N'سربیشه'),
(416, 10, 129,N'مود'),
(417, 10, 130,N'دیهوک'),
(418, 10, 130,N'طبس'),
(419, 10, 130,N'عشق آباد'),
(420, 10, 131,N'اسلامیه'),
(421, 10, 131,N'فردوس'),
(422, 10, 132,N'آرین شهر'),
(423, 10, 132,N'اسفدن'),
(424, 10, 132,N'خضری دشت بیاض'),
(425, 10, 132,N'قاین'),
(426, 10, 132,N'نیمبلوک'),
(427, 10, 133,N'شوسف'),
(428, 10, 133,N'نهبندان'),
(429, 11, 134,N'باخرز'),
(430, 11, 135,N'بجستان'),
(431, 11, 135,N'یونسی'),
(432, 11, 136,N'انابد'),
(433, 11, 136,N'بردسکن'),
(434, 11, 136,N'شهراباد'),
(435, 11, 137,N'شاندیز'),
(436, 11, 137,N'طرقبه'),
(437, 11, 138,N'تایباد'),
(438, 11, 138,N'کاریز'),
(439, 11, 138,N'مشهدریزه'),
(440, 11, 139,N'احمدابادصولت'),
(441, 11, 139,N'تربت جام'),
(442, 11, 139,N'صالح آباد'),
(443, 11, 139,N'نصرآباد'),
(444, 11, 139,N'نیل شهر'),
(445, 11, 140,N'بایک'),
(446, 11, 140,N'تربت حیدریه'),
(447, 11, 140,N'رباط سنگ'),
(448, 11, 140,N'کدکن'),
(449, 11, 141,N'جغتای'),
(450, 11, 142,N'نقاب'),
(451, 11, 143,N'چناران'),
(452, 11, 143,N'گلبهار'),
(453, 11, 143,N'گلمکان'),
(454, 11, 144,N'خلیل آباد'),
(455, 11, 144,N'کندر'),
(456, 11, 145,N'خواف'),
(457, 11, 145,N'سلامی'),
(458, 11, 145,N'سنگان'),
(459, 11, 145,N'قاسم آباد'),
(460, 11, 145,N'نشتیفان'),
(461, 11, 146,N'سلطان آباد'),
(462, 11, 147,N'داورزن'),
(463, 11, 148,N'چاپشلو'),
(464, 11, 148,N'درگز'),
(465, 11, 148,N'لطف آباد'),
(466, 11, 148,N'نوخندان'),
(467, 11, 149,N'جنگل'),
(468, 11, 149,N'رشتخوار'),
(469, 11, 150,N'دولت آباد'),
(470, 11, 151,N'روداب'),
(471, 11, 151,N'سبزوار'),
(472, 11, 151,N'ششتمد'),
(473, 11, 152,N'سرخس'),
(474, 11, 152,N'مزدآوند'),
(475, 11, 153,N'سفیدسنگ'),
(476, 11, 153,N'فرهادگرد'),
(477, 11, 153,N'فریمان'),
(478, 11, 153,N'قلندرآباد'),
(479, 11, 154,N'فیروزه'),
(480, 11, 154,N'همت آباد'),
(481, 11, 155,N'باجگیران'),
(482, 11, 155,N'قوچان'),
(483, 11, 156,N'ریوش'),
(484, 11, 156,N'کاشمر'),
(485, 11, 157,N'شهرزو'),
(486, 11, 157,N'کلات'),
(487, 11, 158,N'بیدخت'),
(488, 11, 158,N'کاخک'),
(489, 11, 158,N'گناباد'),
(490, 11, 159,N'رضویه'),
(491, 11, 159,N'مشهد'),
(492, 11, 159,N'مشهد ثامن'),
(493, 11, 159,N'ملک آباد'),
(494, 11, 160,N'شادمهر'),
(495, 11, 160,N'فیض آباد'),
(496, 11, 161,N'بار'),
(497, 11, 161,N'چکنه'),
(498, 11, 161,N'خرو'),
(499, 11, 161,N'درود'),
(500, 11, 161,N'عشق آباد'),
(501, 11, 161,N'قدمگاه'),
(502, 11, 161,N'نیشابور'),
(503, 12, 162,N'اسفراین'),
(504, 12, 162,N'صفی آباد'),
(505, 12, 163,N'بجنورد'),
(506, 12, 163,N'چناران شهر'),
(507, 12, 163,N'حصارگرمخان'),
(508, 12, 164,N'جاجرم'),
(509, 12, 164,N'سنخواست'),
(510, 12, 164,N'شوقان'),
(511, 12, 165,N'راز'),
(512, 12, 166,N'زیارت'),
(513, 12, 166,N'شیروان'),
(514, 12, 166,N'قوشخانه'),
(515, 12, 166,N'لوجلی'),
(516, 12, 167,N'تیتکانلو'),
(517, 12, 167,N'فاروج'),
(518, 12, 168,N'ایور'),
(519, 12, 168,N'درق'),
(520, 12, 168,N'گرمه'),
(521, 12, 169,N'آشخانه'),
(522, 12, 169,N'آوا'),
(523, 12, 169,N'پیش قلعه'),
(524, 12, 169,N'قاضی'),
(525, 13, 170,N'آبادان'),
(526, 13, 170,N'اروندکنار'),
(527, 13, 170,N'چویبده'),
(528, 13, 171,N'آغاجاری'),
(529, 13, 172,N'امیدیه'),
(530, 13, 172,N'جایزان'),
(531, 13, 173,N'آبژدان'),
(532, 13, 173,N'قلعه خواجه'),
(533, 13, 174,N'آزادی'),
(534, 13, 174,N'اندیمشک'),
(535, 13, 174,N'بیدروبه'),
(536, 13, 174,N'چم گلک'),
(537, 13, 174,N'حسینیه'),
(538, 13, 175,N'الهایی'),
(539, 13, 175,N'اهواز'),
(540, 13, 176,N'ایذه'),
(541, 13, 176,N'دهدز'),
(542, 13, 177,N'باغ ملک'),
(543, 13, 177,N'صیدون'),
(544, 13, 177,N'قلعه تل'),
(545, 13, 177,N'میداود'),
(546, 13, 178,N'شیبان'),
(547, 13, 178,N'ملاثانی'),
(548, 13, 178,N'ویس'),
(549, 13, 179,N'بندرامام خمینی'),
(550, 13, 179,N'بندرماهشهر'),
(551, 13, 179,N'چمران'),
(552, 13, 180,N'بهبهان'),
(553, 13, 180,N'تشان'),
(554, 13, 180,N'سردشت'),
(555, 13, 180,N'منصوریه'),
(556, 13, 181,N'حمیدیه'),
(557, 13, 182,N'خرمشهر'),
(558, 13, 182,N'مقاومت'),
(559, 13, 182,N'مینوشهر'),
(560, 13, 183,N'چغامیش'),
(561, 13, 183,N'حمزه'),
(562, 13, 183,N'دزفول'),
(563, 13, 183,N'سالند'),
(564, 13, 183,N'سیاه منصور'),
(565, 13, 183,N'شمس آباد'),
(566, 13, 183,N'شهر امام'),
(567, 13, 183,N'صفی آباد'),
(568, 13, 183,N'میانرود'),
(569, 13, 184,N'ابوحمیظه'),
(570, 13, 184,N'بستان'),
(571, 13, 184,N'سوسنگرد'),
(572, 13, 184,N'کوت سیدنعیم'),
(573, 13, 185,N'رامشیر'),
(574, 13, 185,N'مشراگه'),
(575, 13, 186,N'رامهرمز'),
(576, 13, 187,N'خنافره'),
(577, 13, 187,N'دارخوین'),
(578, 13, 187,N'شادگان'),
(579, 13, 188,N'الوان'),
(580, 13, 188,N'حر'),
(581, 13, 188,N'شاوور'),
(582, 13, 188,N'شوش'),
(583, 13, 188,N'فتح المبین'),
(584, 13, 189,N'سرداران'),
(585, 13, 189,N'شرافت'),
(586, 13, 189,N'شوشتر'),
(587, 13, 189,N'گوریه'),
(588, 13, 190,N'کوت عبداله'),
(589, 13, 191,N'ترکالکی'),
(590, 13, 191,N'جنت مکان'),
(591, 13, 191,N'سماله'),
(592, 13, 191,N'صالح شهر'),
(593, 13, 191,N'گتوند'),
(594, 13, 192,N'لالی'),
(595, 13, 193,N'گلگیر'),
(596, 13, 193,N'مسجدسلیمان'),
(597, 13, 194,N'هفتگل'),
(598, 13, 195,N'زهره'),
(599, 13, 195,N'هندیجان'),
(600, 13, 196,N'رفیع'),
(601, 13, 196,N'هویزه'),
(602, 14, 197,N'ابهر'),
(603, 14, 197,N'صایین قلعه'),
(604, 14, 197,N'هیدج'),
(605, 14, 198,N'حلب'),
(606, 14, 198,N'زرین آباد'),
(607, 14, 199,N'زرین رود'),
(608, 14, 199,N'سجاس'),
(609, 14, 199,N'سهرورد'),
(610, 14, 199,N'قیدار'),
(611, 14, 199,N'کرسف'),
(612, 14, 199,N'گرماب'),
(613, 14, 199,N'نوربهار'),
(614, 14, 200,N'خرمدره'),
(615, 14, 201,N'ارمغانخانه'),
(616, 14, 201,N'زنجان'),
(617, 14, 201,N'نیک پی'),
(618, 14, 202,N'سلطانیه'),
(619, 14, 203,N'آب بر'),
(620, 14, 203,N'چورزق'),
(621, 14, 204,N'دندی'),
(622, 14, 204,N'ماه نشان'),
(623, 15, 205,N'آرادان'),
(624, 15, 205,N'کهن آباد'),
(625, 15, 206,N'امیریه'),
(626, 15, 206,N'دامغان'),
(627, 15, 206,N'دیباج'),
(628, 15, 206,N'کلاته'),
(629, 15, 207,N'سرخه'),
(630, 15, 208,N'سمنان'),
(631, 15, 209,N'بسطام'),
(632, 15, 209,N'بیارجمند'),
(633, 15, 209,N'رودیان'),
(634, 15, 209,N'شاهرود'),
(635, 15, 209,N'کلاته خیج'),
(636, 15, 209,N'مجن'),
(637, 15, 210,N'ایوانکی'),
(638, 15, 210,N'گرمسار'),
(639, 15, 211,N'درجزین'),
(640, 15, 211,N'شهمیرزاد'),
(641, 15, 211,N'مهدی شهر'),
(642, 15, 212,N'میامی'),
(643, 16, 213,N'ایرانشهر'),
(644, 16, 213,N'بزمان'),
(645, 16, 213,N'بمپور'),
(646, 16, 213,N'محمدان'),
(647, 16, 214,N'چابهار'),
(648, 16, 214,N'نگور'),
(649, 16, 215,N'خاش'),
(650, 16, 215,N'نوک آباد'),
(651, 16, 216,N'گلمورتی'),
(652, 16, 217,N'بنجار'),
(653, 16, 217,N'زابل'),
(654, 16, 218,N'زاهدان'),
(655, 16, 218,N'نصرت آباد'),
(656, 16, 219,N'زهک'),
(657, 16, 220,N'جالق'),
(658, 16, 220,N'سراوان'),
(659, 16, 220,N'سیرکان'),
(660, 16, 220,N'گشت'),
(661, 16, 220,N'محمدی'),
(662, 16, 221,N'پیشین'),
(663, 16, 221,N'راسک'),
(664, 16, 221,N'سرباز'),
(665, 16, 222,N'سوران'),
(666, 16, 222,N'هیدوچ'),
(667, 16, 223,N'فنوج'),
(668, 16, 224,N'قصرقند'),
(669, 16, 225,N'زرآباد'),
(670, 16, 225,N'کنارک'),
(671, 16, 226,N'مهرستان'),
(672, 16, 227,N'میرجاوه'),
(673, 16, 228,N'اسپکه'),
(674, 16, 228,N'بنت'),
(675, 16, 228,N'نیک شهر'),
(676, 16, 229,N'ادیمی'),
(677, 16, 230,N'شهرک علی اکبر'),
(678, 16, 230,N'محمدآباد'),
(679, 16, 231,N'دوست محمد'),
(680, 17, 232,N'آباده'),
(681, 17, 232,N'ایزدخواست'),
(682, 17, 232,N'بهمن'),
(683, 17, 232,N'سورمق'),
(684, 17, 232,N'صغاد'),
(685, 17, 233,N'ارسنجان'),
(686, 17, 234,N'استهبان'),
(687, 17, 234,N'ایج'),
(688, 17, 234,N'رونیز'),
(689, 17, 235,N'اقلید'),
(690, 17, 235,N'حسن اباد'),
(691, 17, 235,N'دژکرد'),
(692, 17, 235,N'سده'),
(693, 17, 236,N'بوانات'),
(694, 17, 236,N'حسامی'),
(695, 17, 236,N'کره ای'),
(696, 17, 236,N'مزایجان'),
(697, 17, 237,N'سعادت شهر'),
(698, 17, 237,N'مادرسلیمان'),
(699, 17, 238,N'باب انار'),
(700, 17, 238,N'جهرم'),
(701, 17, 238,N'خاوران'),
(702, 17, 238,N'دوزه'),
(703, 17, 238,N'قطب آباد'),
(704, 17, 239,N'خرامه'),
(705, 17, 239,N'سلطان شهر'),
(706, 17, 240,N'صفاشهر'),
(707, 17, 240,N'قادراباد'),
(708, 17, 241,N'خنج'),
(709, 17, 242,N'جنت شهر'),
(710, 17, 242,N'داراب'),
(711, 17, 242,N'دوبرجی'),
(712, 17, 242,N'فدامی'),
(713, 17, 243,N'کوپن'),
(714, 17, 243,N'مصیری'),
(715, 17, 244,N'حاجی آباد'),
(716, 17, 244,N'دبیران'),
(717, 17, 244,N'شهرپیر'),
(718, 17, 245,N'اردکان'),
(719, 17, 245,N'بیضا'),
(720, 17, 245,N'هماشهر'),
(721, 17, 246,N'سروستان'),
(722, 17, 246,N'کوهنجان'),
(723, 17, 247,N'خانه زنیان'),
(724, 17, 247,N'داریان'),
(725, 17, 247,N'زرقان'),
(726, 17, 247,N'شهرصدرا'),
(727, 17, 247,N'شیراز'),
(728, 17, 247,N'لپویی'),
(729, 17, 248,N'دهرم'),
(730, 17, 248,N'فراشبند'),
(731, 17, 248,N'نوجین'),
(732, 17, 249,N'زاهدشهر'),
(733, 17, 249,N'ششده'),
(734, 17, 249,N'فسا'),
(735, 17, 249,N'قره بلاغ'),
(736, 17, 249,N'میانشهر'),
(737, 17, 249,N'نوبندگان'),
(738, 17, 250,N'فیروزآباد'),
(739, 17, 250,N'میمند'),
(740, 17, 251,N'افزر'),
(741, 17, 251,N'امام شهر'),
(742, 17, 251,N'قیر'),
(743, 17, 251,N'کارزین (فتح آباد)'),
(744, 17, 251,N'مبارک آباددیز'),
(745, 17, 252,N'بالاده'),
(746, 17, 252,N'خشت'),
(747, 17, 252,N'قایمیه'),
(748, 17, 252,N'کازرون'),
(749, 17, 252,N'کنارتخته'),
(750, 17, 252,N'نودان'),
(751, 17, 253,N'کوار'),
(752, 17, 254,N'گراش'),
(753, 17, 255,N'اوز'),
(754, 17, 255,N'بنارویه'),
(755, 17, 255,N'بیرم'),
(756, 17, 255,N'جویم'),
(757, 17, 255,N'خور'),
(758, 17, 255,N'عمادده'),
(759, 17, 255,N'لار'),
(760, 17, 255,N'لطیفی'),
(761, 17, 256,N'اشکنان'),
(762, 17, 256,N'اهل'),
(763, 17, 256,N'علامرودشت'),
(764, 17, 256,N'لامرد'),
(765, 17, 257,N'خانیمن'),
(766, 17, 257,N'رامجرد'),
(767, 17, 257,N'سیدان'),
(768, 17, 257,N'کامفیروز'),
(769, 17, 257,N'مرودشت'),
(770, 17, 258,N'بابامنیر'),
(771, 17, 258,N'خومه زار'),
(772, 17, 258,N'نورآباد'),
(773, 17, 259,N'اسیر'),
(774, 17, 259,N'خوزی'),
(775, 17, 259,N'گله دار'),
(776, 17, 259,N'مهر'),
(777, 17, 259,N'وراوی'),
(778, 17, 260,N'آباده طشک'),
(779, 17, 260,N'قطرویه'),
(780, 17, 260,N'مشکان'),
(781, 17, 260,N'نی ریز'),
(782, 18, 261,N'آبیک'),
(783, 18, 261,N'خاکعلی'),
(784, 18, 262,N'آبگرم'),
(785, 18, 262,N'آوج'),
(786, 18, 263,N'الوند'),
(787, 18, 263,N'بیدستان'),
(788, 18, 263,N'شریفیه'),
(789, 18, 263,N'محمدیه'),
(790, 18, 264,N'ارداق'),
(791, 18, 264,N'بویین زهرا'),
(792, 18, 264,N'دانسفهان'),
(793, 18, 264,N'سگزآباد'),
(794, 18, 264,N'شال'),
(795, 18, 265,N'اسفرورین'),
(796, 18, 265,N'تاکستان'),
(797, 18, 265,N'خرمدشت'),
(798, 18, 265,N'ضیاڈآباد'),
(799, 18, 265,N'نرجه'),
(800, 18, 266,N'اقبالیه'),
(801, 18, 266,N'رازمیان'),
(802, 18, 266,N'سیردان'),
(803, 18, 266,N'قزوین'),
(804, 18, 266,N'کوهین'),
(805, 18, 266,N'محمودآبادنمونه'),
(806, 18, 266,N'معلم کلایه'),
(807, 19, 267,N'جعفریه'),
(808, 19, 267,N'دستجرد'),
(809, 19, 267,N'سلفچگان'),
(810, 19, 267,N'قم'),
(811, 19, 267,N'قنوات'),
(812, 19, 267,N'کهک'),
(813, 20, 268,N'آرمرده'),
(814, 20, 268,N'بانه'),
(815, 20, 268,N'بویین سفلی'),
(816, 20, 268,N'کانی سور'),
(817, 20, 269,N'بابارشانی'),
(818, 20, 269,N'بیجار'),
(819, 20, 269,N'پیرتاج'),
(820, 20, 269,N'توپ آغاج'),
(821, 20, 269,N'یاسوکند'),
(822, 20, 270,N'بلبان آباد'),
(823, 20, 270,N'دهگلان'),
(824, 20, 271,N'دیواندره'),
(825, 20, 271,N'زرینه'),
(826, 20, 272,N'اورامان تخت'),
(827, 20, 272,N'سروآباد'),
(828, 20, 273,N'سقز'),
(829, 20, 273,N'صاحب'),
(830, 20, 274,N'سنندج'),
(831, 20, 274,N'شویشه'),
(832, 20, 275,N'دزج'),
(833, 20, 275,N'دلبران'),
(834, 20, 275,N'سریش آباد'),
(835, 20, 275,N'قروه'),
(836, 20, 276,N'کامیاران'),
(837, 20, 276,N'موچش'),
(838, 20, 277,N'برده رشه'),
(839, 20, 277,N'چناره'),
(840, 20, 277,N'کانی دینار'),
(841, 20, 277,N'مریوان'),
(842, 21, 278,N'ارزوییه'),
(843, 21, 279,N'امین شهر'),
(844, 21, 279,N'انار'),
(845, 21, 280,N'بافت'),
(846, 21, 280,N'بزنجان'),
(847, 21, 281,N'بردسیر'),
(848, 21, 281,N'دشتکار'),
(849, 21, 281,N'گلزار'),
(850, 21, 281,N'لاله زار'),
(851, 21, 281,N'نگار'),
(852, 21, 282,N'بروات'),
(853, 21, 282,N'بم'),
(854, 21, 283,N'بلوک'),
(855, 21, 283,N'جبالبارز'),
(856, 21, 283,N'جیرفت'),
(857, 21, 283,N'درب بهشت'),
(858, 21, 284,N'رابر'),
(859, 21, 284,N'هنزا'),
(860, 21, 285,N'راور'),
(861, 21, 285,N'هجدک'),
(862, 21, 286,N'بهرمان'),
(863, 21, 286,N'رفسنجان'),
(864, 21, 286,N'صفاییه'),
(865, 21, 286,N'کشکوییه'),
(866, 21, 286,N'مس سرچشمه'),
(867, 21, 287,N'رودبار'),
(868, 21, 287,N'زهکلوت'),
(869, 21, 288,N'گنبکی'),
(870, 21, 288,N'محمدآباد'),
(871, 21, 289,N'خانوک'),
(872, 21, 289,N'ریحان'),
(873, 21, 289,N'زرند'),
(874, 21, 289,N'یزدان شهر'),
(875, 21, 290,N'بلورد'),
(876, 21, 290,N'پاریز'),
(877, 21, 290,N'خواجو شهر'),
(878, 21, 290,N'زیدآباد'),
(879, 21, 290,N'سیرجان'),
(880, 21, 290,N'نجف شهر'),
(881, 21, 290,N'هماشهر'),
(882, 21, 291,N'جوزم'),
(883, 21, 291,N'خاتون اباد'),
(884, 21, 291,N'خورسند'),
(885, 21, 291,N'دهج'),
(886, 21, 291,N'شهربابک'),
(887, 21, 292,N'دوساری'),
(888, 21, 292,N'عنبرآباد'),
(889, 21, 292,N'مردهک'),
(890, 21, 293,N'فاریاب'),
(891, 21, 294,N'فهرج'),
(892, 21, 295,N'قلعه گنج'),
(893, 21, 296,N'اختیارآباد'),
(894, 21, 296,N'اندوهجرد'),
(895, 21, 296,N'باغین'),
(896, 21, 296,N'جوپار'),
(897, 21, 296,N'چترود'),
(898, 21, 296,N'راین'),
(899, 21, 296,N'زنگی آباد'),
(900, 21, 296,N'شهداد'),
(901, 21, 296,N'کاظم آباد'),
(902, 21, 296,N'کرمان'),
(903, 21, 296,N'گلباف'),
(904, 21, 296,N'ماهان'),
(905, 21, 296,N'محی آباد'),
(906, 21, 297,N'کوهبنان'),
(907, 21, 297,N'کیانشهر'),
(908, 21, 298,N'کهنوج'),
(909, 21, 299,N'منوجان'),
(910, 21, 299,N'نودژ'),
(911, 21, 300,N'نرماشیر'),
(912, 21, 300,N'نظام شهر'),
(913, 22, 301,N'اسلام آبادغرب'),
(914, 22, 301,N'حمیل'),
(915, 22, 302,N'بانوره'),
(916, 22, 302,N'باینگان'),
(917, 22, 302,N'پاوه'),
(918, 22, 302,N'نودشه'),
(919, 22, 302,N'نوسود'),
(920, 22, 303,N'ازگله'),
(921, 22, 303,N'تازه آباد'),
(922, 22, 304,N'جوانرود'),
(923, 22, 305,N'ریجاب'),
(924, 22, 305,N'کرند'),
(925, 22, 305,N'گهواره'),
(926, 22, 306,N'روانسر'),
(927, 22, 306,N'شاهو'),
(928, 22, 307,N'سرپل ذهاب'),
(929, 22, 308,N'سطر'),
(930, 22, 308,N'سنقر'),
(931, 22, 309,N'صحنه'),
(932, 22, 309,N'میان راهان'),
(933, 22, 310,N'سومار'),
(934, 22, 310,N'قصرشیرین'),
(935, 22, 311,N'رباط'),
(936, 22, 311,N'کرمانشاه'),
(937, 22, 311,N'کوزران'),
(938, 22, 311,N'هلشی'),
(939, 22, 312,N'کنگاور'),
(940, 22, 312,N'گودین'),
(941, 22, 313,N'سرمست'),
(942, 22, 313,N'گیلانغرب'),
(943, 22, 314,N'بیستون'),
(944, 22, 314,N'هرسین'),
(945, 23, 315,N'باشت'),
(946, 23, 316,N'چیتاب'),
(947, 23, 316,N'گراب سفلی'),
(948, 23, 316,N'مادوان'),
(949, 23, 316,N'مارگون'),
(950, 23, 316,N'یاسوج'),
(951, 23, 317,N'لیکک'),
(952, 23, 318,N'چرام'),
(953, 23, 318,N'سرفاریاب'),
(954, 23, 319,N'پاتاوه'),
(955, 23, 319,N'سی سخت'),
(956, 23, 320,N'دهدشت'),
(957, 23, 320,N'دیشموک'),
(958, 23, 320,N'سوق'),
(959, 23, 320,N'قلعه رییسی'),
(960, 23, 321,N'دوگنبدان'),
(961, 23, 322,N'لنده'),
(962, 24, 323,N'آزادشهر'),
(963, 24, 323,N'نگین شهر'),
(964, 24, 323,N'نوده خاندوز'),
(965, 24, 324,N'آق قلا'),
(966, 24, 324,N'انبارآلوم'),
(967, 24, 325,N'بندرگز'),
(968, 24, 325,N'نوکنده'),
(969, 24, 326,N'بندرترکمن'),
(970, 24, 327,N'تاتارعلیا'),
(971, 24, 327,N'خان ببین'),
(972, 24, 327,N'دلند'),
(973, 24, 327,N'رامیان'),
(974, 24, 328,N'سنگدوین'),
(975, 24, 328,N'علی اباد'),
(976, 24, 328,N'فاضل آباد'),
(977, 24, 328,N'مزرعه'),
(978, 24, 329,N'کردکوی'),
(979, 24, 330,N'فراغی'),
(980, 24, 330,N'کلاله'),
(981, 24, 331,N'گالیکش'),
(982, 24, 332,N'جلین'),
(983, 24, 332,N'سرخنکلاته'),
(984, 24, 332,N'گرگان'),
(985, 24, 333,N'سیمین شهر'),
(986, 24, 333,N'گمیش تپه'),
(987, 24, 334,N'اینچه برون'),
(988, 24, 334,N'گنبدکاووس'),
(989, 24, 335,N'مراوه'),
(990, 24, 336,N'مینودشت'),
(991, 25, 337,N'آستارا'),
(992, 25, 337,N'لوندویل'),
(993, 25, 338,N'آستانه اشرفیه'),
(994, 25, 338,N'کیاشهر'),
(995, 25, 339,N'املش'),
(996, 25, 339,N'رانکوه'),
(997, 25, 340,N'بندرانزلی'),
(998, 25, 341,N'خشکبیجار'),
(999, 25, 341,N'خمام'),
(1000, 25, 341,N'رشت');

INSERT INTO Cities (Id, Province_Id, County_Id, Name)
VALUES (1001, 25, 341,N'سنگر'),
(1002, 25, 341,N'کوچصفهان'),
(1003, 25, 341,N'لشت نشاء'),
(1004, 25, 341,N'لولمان'),
(1005, 25, 342,N'پره سر'),
(1006, 25, 342,N'رضوانشهر'),
(1007, 25, 343,N'بره سر'),
(1008, 25, 343,N'توتکابن'),
(1009, 25, 343,N'جیرنده'),
(1010, 25, 343,N'رستم آباد'),
(1011, 25, 343,N'رودبار'),
(1012, 25, 343,N'لوشان'),
(1013, 25, 343,N'منجیل'),
(1014, 25, 344,N'چابکسر'),
(1015, 25, 344,N'رحیم آباد'),
(1016, 25, 344,N'رودسر'),
(1017, 25, 344,N'کلاچای'),
(1018, 25, 344,N'واجارگاه'),
(1019, 25, 345,N'دیلمان'),
(1020, 25, 345,N'سیاهکل'),
(1021, 25, 346,N'احمدسرگوراب'),
(1022, 25, 346,N'شفت'),
(1023, 25, 347,N'صومعه سرا'),
(1024, 25, 347,N'گوراب زرمیخ'),
(1025, 25, 347,N'مرجقل'),
(1026, 25, 348,N'اسالم'),
(1027, 25, 348,N'چوبر'),
(1028, 25, 348,N'حویق'),
(1029, 25, 348,N'لیسار'),
(1030, 25, 348,N'هشتپر (تالش)'),
(1031, 25, 349,N'فومن'),
(1032, 25, 349,N'ماسوله'),
(1033, 25, 349,N'ماکلوان'),
(1034, 25, 350,N'رودبنه'),
(1035, 25, 350,N'لاهیجان'),
(1036, 25, 351,N'اطاقور'),
(1037, 25, 351,N'چاف و چمخاله'),
(1038, 25, 351,N'شلمان'),
(1039, 25, 351,N'کومله'),
(1040, 25, 351,N'لنگرود'),
(1041, 25, 352,N'بازار جمعه'),
(1042, 25, 352,N'ماسال'),
(1043, 26, 353,N'ازنا'),
(1044, 26, 353,N'مومن آباد'),
(1045, 26, 354,N'الیگودرز'),
(1046, 26, 354,N'شول آباد'),
(1047, 26, 355,N'اشترینان'),
(1048, 26, 355,N'بروجرد'),
(1049, 26, 356,N'پلدختر'),
(1050, 26, 356,N'معمولان'),
(1051, 26, 357,N'بیران شهر'),
(1052, 26, 357,N'خرم آباد'),
(1053, 26, 357,N'زاغه'),
(1054, 26, 357,N'سپیددشت'),
(1055, 26, 358,N'نورآباد'),
(1056, 26, 358,N'هفت چشمه'),
(1057, 26, 359,N'چالانچولان'),
(1058, 26, 359,N'دورود'),
(1059, 26, 360,N'سراب دوره'),
(1060, 26, 360,N'ویسیان'),
(1061, 26, 361,N'چقابل'),
(1062, 26, 362,N'الشتر'),
(1063, 26, 362,N'فیروزآباد'),
(1064, 26, 363,N'درب گنبد'),
(1065, 26, 363,N'کوهدشت'),
(1066, 26, 363,N'کوهنانی'),
(1067, 26, 363,N'گراب'),
(1068, 27, 364,N'آمل'),
(1069, 27, 364,N'امامزاده عبدالله'),
(1070, 27, 364,N'دابودشت'),
(1071, 27, 364,N'رینه'),
(1072, 27, 364,N'گزنک'),
(1073, 27, 365,N'امیرکلا'),
(1074, 27, 365,N'بابل'),
(1075, 27, 365,N'خوش رودپی'),
(1076, 27, 365,N'زرگرمحله'),
(1077, 27, 365,N'گتاب'),
(1078, 27, 365,N'گلوگاه'),
(1079, 27, 365,N'مرزیکلا'),
(1080, 27, 366,N'بابلسر'),
(1081, 27, 366,N'بهنمیر'),
(1082, 27, 366,N'هادی شهر'),
(1083, 27, 367,N'بهشهر'),
(1084, 27, 367,N'خلیل شهر'),
(1085, 27, 367,N'رستمکلا'),
(1086, 27, 368,N'تنکابن'),
(1087, 27, 368,N'خرم آباد'),
(1088, 27, 368,N'شیرود'),
(1089, 27, 368,N'نشتارود'),
(1090, 27, 369,N'جویبار'),
(1091, 27, 369,N'کوهی خیل'),
(1092, 27, 370,N'چالوس'),
(1093, 27, 370,N'مرزن آباد'),
(1094, 27, 370,N'هچیرود'),
(1095, 27, 371,N'رامسر'),
(1096, 27, 371,N'کتالم وسادات شهر'),
(1097, 27, 372,N'پایین هولار'),
(1098, 27, 372,N'ساری'),
(1099, 27, 372,N'فریم'),
(1100, 27, 372,N'کیاسر'),
(1101, 27, 373,N'آلاشت'),
(1102, 27, 373,N'پل سفید'),
(1103, 27, 373,N'زیرآب'),
(1104, 27, 374,N'شیرگاه'),
(1105, 27, 375,N'کیاکلا'),
(1106, 27, 376,N'سلمان شهر'),
(1107, 27, 376,N'عباس اباد'),
(1108, 27, 376,N'کلارآباد'),
(1109, 27, 377,N'فریدونکنار'),
(1110, 27, 378,N'ارطه'),
(1111, 27, 378,N'قایم شهر'),
(1112, 27, 379,N'کلاردشت'),
(1113, 27, 380,N'گلوگاه'),
(1114, 27, 381,N'سرخرود'),
(1115, 27, 381,N'محمودآباد'),
(1116, 27, 382,N'سورک'),
(1117, 27, 383,N'نکا'),
(1118, 27, 384,N'ایزدشهر'),
(1119, 27, 384,N'بلده'),
(1120, 27, 384,N'چمستان'),
(1121, 27, 384,N'رویان'),
(1122, 27, 384,N'نور'),
(1123, 27, 385,N'پول'),
(1124, 27, 385,N'کجور'),
(1125, 27, 385,N'نوشهر'),
(1126, 28, 386,N'آشتیان'),
(1127, 28, 387,N'اراک'),
(1128, 28, 387,N'داودآباد'),
(1129, 28, 387,N'ساروق'),
(1130, 28, 387,N'کارچان'),
(1131, 28, 388,N'تفرش'),
(1132, 28, 389,N'خمین'),
(1133, 28, 389,N'قورچی باشی'),
(1134, 28, 390,N'جاورسیان'),
(1135, 28, 390,N'خنداب'),
(1136, 28, 391,N'دلیجان'),
(1137, 28, 391,N'نراق'),
(1138, 28, 392,N'پرندک'),
(1139, 28, 392,N'خشکرود'),
(1140, 28, 392,N'رازقان'),
(1141, 28, 392,N'زاویه'),
(1142, 28, 392,N'مامونیه'),
(1143, 28, 393,N'آوه'),
(1144, 28, 393,N'ساوه'),
(1145, 28, 393,N'غرق آباد'),
(1146, 28, 393,N'نوبران'),
(1147, 28, 394,N'آستانه'),
(1148, 28, 394,N'توره'),
(1149, 28, 394,N'شازند'),
(1150, 28, 394,N'شهباز'),
(1151, 28, 394,N'مهاجران'),
(1152, 28, 394,N'هندودر'),
(1153, 28, 395,N'خنجین'),
(1154, 28, 395,N'فرمهین'),
(1155, 28, 396,N'کمیجان'),
(1156, 28, 396,N'میلاجرد'),
(1157, 28, 397,N'محلات'),
(1158, 28, 397,N'نیمور'),
(1159, 29, 398,N'ابوموسی'),
(1160, 29, 399,N'بستک'),
(1161, 29, 399,N'جناح'),
(1162, 29, 400,N'سردشت'),
(1163, 29, 400,N'گوهران'),
(1164, 29, 401,N'بندرعباس'),
(1165, 29, 401,N'تازیان پایین'),
(1166, 29, 401,N'تخت'),
(1167, 29, 401,N'فین'),
(1168, 29, 401,N'قلعه قاضی'),
(1169, 29, 402,N'بندرلنگه'),
(1170, 29, 402,N'چارک'),
(1171, 29, 402,N'کنگ'),
(1172, 29, 402,N'کیش'),
(1173, 29, 402,N'لمزان'),
(1174, 29, 403,N'پارسیان'),
(1175, 29, 403,N'دشتی'),
(1176, 29, 403,N'کوشکنار'),
(1177, 29, 404,N'بندرجاسک'),
(1178, 29, 405,N'حاجی اباد'),
(1179, 29, 405,N'سرگز'),
(1180, 29, 405,N'فارغان'),
(1181, 29, 406,N'خمیر'),
(1182, 29, 406,N'رویدر'),
(1183, 29, 407,N'بیکاء'),
(1184, 29, 407,N'دهبارز'),
(1185, 29, 407,N'زیارتعلی'),
(1186, 29, 408,N'سیریک'),
(1187, 29, 408,N'کوهستک'),
(1188, 29, 408,N'گروک'),
(1189, 29, 409,N'درگهان'),
(1190, 29, 409,N'سوزا'),
(1191, 29, 409,N'قشم'),
(1192, 29, 409,N'هرمز'),
(1193, 29, 410,N'تیرور'),
(1194, 29, 410,N'سندرک'),
(1195, 29, 410,N'میناب'),
(1196, 29, 410,N'هشتبندی'),
(1197, 30, 411,N'آجین'),
(1198, 30, 411,N'اسدآباد'),
(1199, 30, 412,N'بهار'),
(1200, 30, 412,N'صالح آباد'),
(1201, 30, 412,N'لالجین'),
(1202, 30, 412,N'مهاجران'),
(1203, 30, 413,N'تویسرکان'),
(1204, 30, 413,N'سرکان'),
(1205, 30, 413,N'فرسفج'),
(1206, 30, 414,N'دمق'),
(1207, 30, 414,N'رزن'),
(1208, 30, 414,N'قروه درجزین'),
(1209, 30, 415,N'فامنین'),
(1210, 30, 416,N'شیرین سو'),
(1211, 30, 416,N'کبودرآهنگ'),
(1212, 30, 416,N'گل تپه'),
(1213, 30, 417,N'ازندریان'),
(1214, 30, 417,N'جوکار'),
(1215, 30, 417,N'زنگنه'),
(1216, 30, 417,N'سامن'),
(1217, 30, 417,N'ملایر'),
(1218, 30, 418,N'برزول'),
(1219, 30, 418,N'فیروزان'),
(1220, 30, 418,N'گیان'),
(1221, 30, 418,N'نهاوند'),
(1222, 30, 419,N'جورقان'),
(1223, 30, 419,N'قهاوند'),
(1224, 30, 419,N'مریانج'),
(1225, 30, 419,N'همدان'),
(1226, 31, 420,N'ابرکوه'),
(1227, 31, 420,N'مهردشت'),
(1228, 31, 421,N'احمدآباد'),
(1229, 31, 421,N'اردکان'),
(1230, 31, 421,N'عقدا'),
(1231, 31, 422,N'اشکذر'),
(1232, 31, 422,N'خضرآباد'),
(1233, 31, 423,N'بافق'),
(1234, 31, 424,N'بهاباد'),
(1235, 31, 425,N'تفت'),
(1236, 31, 425,N'نیر'),
(1237, 31, 426,N'مروست'),
(1238, 31, 426,N'هرات'),
(1239, 31, 427,N'مهریز'),
(1240, 31, 428,N'بفروییه'),
(1241, 31, 428,N'میبد'),
(1242, 31, 428,N'ندوشن'),
(1243, 31, 429,N'حمیدیا'),
(1244, 31, 429,N'زارچ'),
(1245, 31, 429,N'شاهدیه'),
(1246, 31, 429,N'یزد');